gc,value
0.00,0.006088
0.05,0.010146
0.10,0.014205
0.15,0.023675
0.20,0.033146
0.25,0.046417
0.30,0.059688
0.35,0.078789
0.40,0.092060
0.45,0.099651
0.50,0.095411
0.55,0.099651
0.60,0.092060
0.65,0.078789
0.70,0.061925
0.75,0.042180
0.80,0.024857
0.85,0.013504
0.90,0.007727
0.95,0.003818
1.00,0.001909
